ID,pop_predicted_rf
9120156,5.735196686612193
9120891,5.7433904183031945
9121063,5.695105875008503
9121073,5.923594306221601
9121087,5.923594306221601
9121088,5.923594306221601
9121089,5.680268869039019
9121103,5.9801904263889085
9121116,5.989720504859743
9121124,5.981656689419083
9121125,5.989720504859743
9121132,5.991108540429915
9121148,5.978182303067955
9121180,5.969554911813056
9121189,5.972337328916078
9121192,5.976794267497783
9121203,5.94459716634548
9121204,5.951560089830687
9121205,5.9640528823647
9121206,5.976794267497783
9121216,5.964784563891773
9121218,5.978780131605715
9121226,5.969421485129618
9121227,5.980153275395064
9121229,5.98122026101
9121230,5.978780131605715
9121231,5.981979638586998
9121240,5.9748264938795925
9121243,5.998825959894196
9121250,5.975424322417353
9121251,5.975424322417353
9121252,5.986286468211377
9121269,5.97273742864136
9121270,5.977374349879205
9121276,5.851710209214153
9121284,5.851710209214153
9121285,5.981851756979973
9121292,5.844718855620283
9121308,5.859147697239598
9121314,5.83106194743279
9121323,5.846221459877638
9121337,5.83106194743279
9121338,5.837282320183765
9121347,5.8234511194066565
9121351,5.8234511194066565
9121352,5.858502119255466
9121367,5.8234511194066565
9121397,5.823972638941525
9121463,5.817605397713793
9122053,5.728163566513902
9124373,5.717548752234473
9124379,5.717548752234473
9125175,5.7571754246795885
9125179,5.742132250892366
9125440,5.705210563434847
9125475,5.7323251930261945
9125502,5.745760601965959
9125776,5.751677701233995
9125851,5.820523659949185
9125864,5.820523659949185
9126163,5.648795282745525
9126188,5.723797561836601
9126215,5.909672238229313
9126330,5.729861686466624
9126343,5.7217098446601256
9126819,5.701794322312821
9127465,5.759094185560507
9127530,5.8745073833389965
9127531,6.003725799122474
9127546,5.867294924296073
9127565,5.8745073833389965
9127566,5.855661976281992
9127581,5.8745073833389965
9127600,6.060844184428154
9127602,5.839023348194755
9127621,6.06173625448672
9127623,5.808675873782836
9127639,6.077859536705125
9127658,5.823617180619171
9127671,5.894369445663846
9127812,5.898851201510546
9127858,5.861585109867106
9127871,5.809043935521146
9127900,5.869805869334638
9127901,5.869805869334638
9127925,6.048707572632655
9127937,6.04724130960248
9127975,5.843674948889302
9127985,5.844087477765306
9127996,5.843674948889302
9128101,5.839378124988707
9128340,5.8627133373938545
9128449,5.833426974386028
9128474,5.836759127633397
9128507,5.825875465943201
9128637,5.840178752380209
9128693,5.837008902868359
9128762,5.837008902868359
9128808,5.838475165898533
9128809,5.837008902868359
9128934,5.851436550536251
9129004,5.851436550536251
9129088,5.782687567233646
9129090,5.812579514186757
9129156,5.779415122690434
9129200,5.753872397551939
9129245,5.849105370313335
9129293,5.849105370313335
9129294,5.903165129878304
9129347,5.858759163132083
9129473,5.791149880843704
9129521,5.811076424083273
9129522,5.801363424622759
9129589,5.7954548593248205
9129611,5.857969819486647
9129644,5.931198352219226
9129657,5.932600390267841
9129666,5.944124589581186
9129667,5.9455266276298
9129679,5.789681766670268
9129694,5.931198352219226
9129695,5.932600390267841
9129696,5.93389367961572
9129714,5.922236328136367
9129716,5.899151262205401
9129730,5.931198352219226
9129746,5.927880098808627
9129747,5.932600390267841
9129767,5.927880098808627
9129768,5.923529617484246
9129769,5.938351496926633
9129788,5.923529617484246
9129807,5.932600390267841
9129849,5.936455854846206
9129887,5.946819916977679
9129888,5.988623281046517
9129963,5.736896265840463
9129976,5.988623281046517
9130023,5.767344237739611
9130045,5.796432600649177
9130091,5.796432600649177
9130092,5.776914474579092
9130121,5.793574101318402
9130157,5.793574101318402
9130261,5.713331675167573
9130668,5.931198352219226
9130862,5.975697043684558
9130863,5.96522599688353
9130883,5.897857422005523
9130910,5.966249445347583
9130911,5.732252383641953
9130942,5.958072852176123
9130959,5.953323207985624
9130968,5.9641634969269015
9130969,5.90785460468337
9130970,5.90785460468337
9130983,5.947708790044651
9130984,5.957010352219495
9130985,5.9641634969269015
9130986,5.90785460468337
9130987,5.95174391717289
9130988,5.953323207985624
9130989,5.953323207985624
9130990,5.953323207985624
9131008,5.947708790044651
9131009,5.961441344481706
9131010,5.953323207985624
9131011,5.953323207985624
9131020,5.940873197433469
9131021,5.9641634969269015
9131022,5.953323207985624
9131033,5.951237259564942
9131034,5.953323207985624
9131035,5.953323207985624
9131048,5.929195725469245
9131049,5.9641634969269015
9131050,5.940236993408956
9131067,5.963527292902388
9131069,5.740045590121036
9131084,5.740045590121036
9131101,5.922866790466011
9131110,5.922866790466011
9131112,5.714991819852168
9131179,5.908824516520292
9131197,5.908824516520292
9131213,5.970265244595698
9131214,5.908824516520292
9131259,5.964492151941145
9131260,5.948099976664684
9131271,5.970265244595698
9131272,5.964492151941145
9131273,5.948099976664684
9131276,5.760221587533891
9131277,5.741485708665348
9131288,5.773147824895851
9131330,5.728438902462198
9131387,5.883217653831261
9131403,5.757887105226263
9131416,5.883217653831261
9131469,5.739862809834936
9131484,5.949851970644951
9131485,5.9582576253313695
9131514,5.952683771436697
9131515,5.920814683144814
9131516,5.697985195350086
9131524,5.953746271393326
9131552,5.950185925085366
9131566,5.7106439804460845
9131577,5.953034399096465
9131604,5.933947892568154
9131629,5.9629756657601245
9131643,5.961006400770286
9131711,5.952683771436697
9131733,5.952683771436697
9131745,5.953746271393326
9131760,5.970265244595698
9131881,5.929747421291798
9131962,5.945691174767603
9131977,5.93183336971248
9131978,5.944638373572264
9131979,5.930260748334283
9132004,5.923453773196837
9132005,5.9360966198296845
9132022,5.936116163730607
9132035,5.903056220461726
9132049,5.9619228645647855
9132064,5.958725819708341
9132078,5.947891408896765
9132101,5.9572025731055716
9132102,5.948996627202826
9132123,5.948996627202826
9132124,5.89146524466116
9132147,5.9619228645647855
9132148,5.930260748334283
9132163,5.9572025731055716
9132224,5.9572025731055716
9132235,5.9619228645647855
9132253,5.931915949476818
9132254,5.876246350230203
9132318,5.74298660204807
9132417,5.937201838135746
9132447,5.931712136210305
9132521,5.912028821389907
9132522,5.9337791654049825
9132529,5.87533060334054
9132540,5.898912751662098
9132541,5.897333460849364
9132562,5.889685957848328
9132563,5.92573096910913
9132564,5.883429997944391
9132565,5.917032517005488
9132566,5.957721333844508
9132575,5.917032517005488
9132583,5.919672977417975
9132584,5.932763666568678
9132585,5.9377168181816895
9132586,5.9584732430936285
9132596,5.848510904322052
9132597,5.9377168181816895
9132598,5.9377168181816895
9132599,5.929387416671103
9132608,5.848510904322052
9132609,5.9164611793091435
9132610,5.7865650775241315
9132611,5.960052533906363
9132621,5.9377168181816895
9132622,5.927749954344068
9132623,5.977337024898885
9132630,5.938536759223231
9132631,5.977337024898885
9132637,5.902980342244355
9132638,5.938536759223231
9132639,5.938536759223231
9132640,5.921950881234585
9132654,5.919883203096459
9132655,5.942204152759778
9132656,5.906874642992729
9132657,5.796780575778477
9132665,5.934049424645142
9132666,5.921950881234585
9132667,5.963305569230864
9132668,5.985408740067347
9132679,5.921252268230709
9132680,5.944913910734003
9132681,5.9050867837189145
9132682,5.927749954344068
9132683,5.927749954344068
9132685,5.963305569230864
9132696,5.906874642992729
9132697,5.938536759223231
9132698,5.919803910704096
9132699,5.949175152644648
9132713,5.921252268230709
9132714,5.940624861947044
9132716,5.931987673372044
9132717,5.930893401040558
9132718,5.888150039155904
9132719,5.9474870319390645
9132720,5.930893401040558
9132721,5.911099665108486
9132723,5.764285053630826
9132725,5.9832072351012195
9132732,5.886139797813957
9132733,5.921252268230709
9132734,5.940624861947044
9132735,5.943819638402517
9132736,5.943819638402517
9132737,5.9474870319390645
9132738,5.930893401040558
9132739,5.930893401040558
9132740,5.930893401040558
9132743,5.919803910704096
9132744,5.975135519932758
9132752,5.935010945424545
9132753,5.921252268230709
9132754,5.921252268230709
9132756,5.930893401040558
9132757,5.943819638402517
9132758,5.959613193054646
9132759,5.9503953608253415
9132760,5.9450344453365895
9132774,5.921252268230709
9132775,5.942204152759778
9132776,5.906874642992729
9132778,5.946114154591118
9132780,5.752410150030021
9132785,5.935010945424545
9132786,5.919883203096459
9132787,5.919672977417975
9132790,5.937760766026597
9132793,5.9301267915213165
9132794,5.933794185057864
9132795,5.9301267915213165
9132796,5.957851094070538
9132798,5.797408856106681
9132800,5.979329321774577
9132801,5.964771457801285
9132802,5.814776276841165
9132811,5.927121166733383
9132812,5.917357967482334
9132813,5.920968877501598
9132816,5.9358998841758694
9132817,5.948826121537828
9132818,5.9474870319390645
9132819,5.963624186725091
9132820,5.950697949363132
9132821,5.950697949363132
9132822,5.95836269857305
9132823,5.957040071849585
9132824,5.951974651638076
9132830,5.927121166733383
9132831,5.917357967482334
9132832,5.929510631244177
9132833,5.915479175576156
9132836,5.9358998841758694
9132837,5.963624186725091
9132838,5.950697949363132
9132839,5.957040071849585
9132840,5.951974651638076
9132853,5.917357967482334
9132854,5.920968877501598
9132862,5.9358998841758694
9132863,5.957040071849585
9132865,5.9508075379911425
9132874,5.9369574684104975
9132877,5.948826121537828
9132878,5.948826121537828
9132879,5.948826121537828
9132880,5.950697949363132
9132881,5.953260124593617
9132882,5.963624186725091
9132883,5.959456970904536
9132884,5.959456970904536
9132885,5.955460781036852
9132887,5.816695611041024
9132897,5.932763666568678
9132901,5.9358998841758694
9132902,5.9358998841758694
9132904,5.948826121537828
9132905,5.952493515074376
9132907,5.959456970904536
9132908,5.954838566883458
9132919,5.9358998841758694
9132920,5.9358998841758694
9132923,5.945579723058046
9132924,5.955460781036852
9132925,5.955642045174622
9132945,5.9358998841758694
9132948,5.9585059604200055
9132949,5.954838566883458
9132965,5.951974651638076
9132968,5.938154238033942
9132972,5.779934657287062
9132986,5.952493515074376
9132987,5.9585059604200055
9132989,5.951974651638076
9132990,5.942472270106104
9132991,5.938154238033942
9133009,5.950297010458363
9133010,5.953259276070725
9133011,5.964368644979061
9133012,5.900668906037267
9133013,5.900668906037267
9133015,5.931019535277919
9133035,5.950297010458363
9133037,5.954838566883458
9133038,5.964368644979061
9133039,5.900668906037267
9133055,5.954838566883458
9133056,5.951974651638076
9133057,5.964368644979061
9133074,5.934948873691339
9133075,5.948826121537828
9133076,5.948969383384784
9133077,5.950925290786566
9133078,5.951974651638076
9133079,5.957016261511773
9133101,5.946510524960739
9133102,5.928965883577702
9133103,5.936043146022825
9133104,5.948969383384784
9133105,5.950925290786566
9133106,5.954062573686824
9133110,5.951974651638076
9133111,5.9206554731464465
9133112,5.9206554731464465
9133117,5.772781512579655
9133128,5.947875111053298
9133129,5.950925290786566
9133131,5.964368644979061
9133132,5.900668906037267
9133133,5.9206554731464465
9133134,5.938647130719915
9133139,5.772781512579655
9133153,5.946510524960739
9133154,5.941892120939661
9133155,5.936043146022825
9133156,5.950158681267324
9133157,5.9379990534246065
9133158,5.954838566883458
9133162,5.954004582847587
9133163,5.942472270106104
9133164,5.921948762494325
9133165,5.939173810548552
9133168,5.778687322769896
9133180,5.946510524960739
9133181,5.932633277114249
9133182,5.936043146022825
9133185,5.921948762494325
9133186,5.921948762494325
9133203,5.936043146022825
9133204,5.936043146022825
9133205,5.950925290786566
9133208,5.939173810548552
9133225,5.946510524960739
9133226,5.950158681267324
9133227,5.950925290786566
9133233,5.960263364598726
9133247,5.9439483497302525
9133249,5.948969383384784
9133250,5.950158681267324
9133258,5.942472270106104
9133280,5.954004582847587
9133281,5.935305252831076
9133282,5.933103747864949
9133284,5.997763806945208
9133307,5.9429863932711475
9133310,5.954004582847587
9133311,5.958595552324508
9133312,5.954004582847587
9133313,5.941078345485629
9133314,5.986275816537353
9133319,5.772781512579655
9133330,5.93358428759878
9133331,5.9429863932711475
9133333,5.964368644979061
9133334,5.954004582847587
9133335,5.954004582847587
9133336,5.941078345485629
9133337,5.911805693765919
9133339,5.9733495791753946
9133360,5.9439483497302525
9133361,5.9439483497302525
9133362,5.9429863932711475
9133370,5.986275816537353
9133387,5.929916894062233
9133390,5.964368644979061
9133392,5.941078345485629
9133394,5.96298551704392
9133416,5.929916894062233
9133417,5.93358428759878
9133435,5.792291539878598
9133452,5.929916894062233
9133459,5.961348054716885
9133460,5.961348054716885
9133462,5.968958083601361
9133472,5.78337235630325
9133488,5.929916894062233
9133497,5.9453466019026
9133498,5.9553650646032485
9133499,5.968958083601361
9133519,5.929916894062233
9133520,5.929916894062233
9133521,5.929916894062233
9133522,5.934678559930266
9133532,5.941888519183688
9133533,5.9553650646032485
9133534,5.968958083601361
9133553,5.929916894062233
9133564,5.991133841593769
9133565,5.991133841593769
9133595,5.948464909454341
9133596,5.958447270699581
9133597,5.965729126734722
9133598,5.959757703590082
9133603,5.792291539878598
9133616,5.926442507711105
9133620,5.949240902650974
9133621,5.958447270699581
9133622,5.965729126734722
9133623,5.991133841593769
9133638,5.926442507711105
9133639,5.934678559930266
9133645,5.9553650646032485
9133646,5.967320621274325
9133659,5.78693097610005
9133676,5.944091611577208
9133677,5.9429863932711475
9133680,5.95180307788146
9133681,5.961348054716885
9133700,5.926442507711105
9133701,5.934678559930266
9133702,5.944091611577208
9133706,5.902771337555818
9133708,5.974789056063884
9133709,5.969256069589152
9133726,5.931011166393719
9133732,5.954004582847587
9133733,5.960877706036784
9133734,5.969256069589152
9133745,5.927536780042591
9133746,5.930060155909188
9133753,5.9821823069511115
9133777,5.927536780042591
9133778,5.927536780042591
9133785,5.9328541629735865
9133786,5.973803943398742
9133787,5.96454509957333
9133788,5.974909161704804
9133789,5.954894715923147
9133792,5.968291301965208
9133797,5.800532743707203
9133819,5.938100847322867
9133820,5.9328541629735865
9133823,5.969256069589152
9133824,5.9821823069511115
9133850,5.946593081629037
9133873,5.92658576955806
9133874,5.933727549445735
9133885,5.969256069589152
9133912,5.92658576955806
9133926,5.978514913414564
9133954,5.9429863932711475
9133955,5.930060155909188
9133962,5.93443345378632
9133966,5.972453114445597
9133967,5.96878572090905
9133989,5.92658576955806
9133990,5.92658576955806
9134000,5.96878572090905
9134034,5.935209446982954
9134038,5.965311334557923
9134061,5.930060155909188
9134067,5.936846909309989
9134071,5.972453114445597
9134096,5.941136336324865
9134099,5.978237571919881
9134130,5.936846909309989
9134131,5.936846909309989
9134207,5.965311334557923
9134234,5.941912329521499
9134240,5.961317286119492
9134241,5.96897872809447
9134316,5.957842899768365
9134317,5.965311334557923
9134391,5.967010954476278
9134404,5.984173992161294
9134428,5.967010954476278
9134558,5.967010954476278
9134624,5.963343560939731
9134625,5.963343560939731
9134666,5.818274623582436
9134698,5.963343560939731
9134833,5.8054814649142905
9134920,5.804911091851004
9135058,5.77389491379759
9135121,5.741348162880815
9135285,5.780408851327226
9135311,5.817380727480776
9135370,5.840402766142512
9135373,5.796185651354591
9135401,5.820148688995326
9135432,5.826243787514544
9135433,5.842738159780877
9135583,6.010093806976278
9135752,5.8684150534180075
9135829,5.781172604541503
9135892,5.869253372238484
9135893,5.990472959413409
9135894,5.731900566410622
9135996,5.8140394795452455
9136168,5.7610587684686
9136169,5.737386953060761
9136204,5.7610587684686
9136313,5.873290403669667
9136382,5.755679650194124
9136476,5.871032122431408
9136671,5.722156687168647
9136706,5.713989847441053
9136858,5.7606496710887
9136859,6.006446740717583
9136904,5.7606496710887
9136987,6.00067364806303
9136989,5.77508457773648
9137024,5.777395209191698
9137025,5.779943149678392
9137027,5.8105331630322565
9137074,5.773141881530969
9137075,5.7920870409853284
9137117,5.790399502613813
9137118,5.800844612845217
9137153,5.794770557219752
9137154,5.794770557219752
9137202,5.825200064079119
9137205,5.785980172933679
9137245,5.782615826625583
9137246,5.774374622796977
9137282,5.812273826717159
9137337,5.782615826625583
9137338,5.801909305215275
9137372,5.801909305215275
9137374,5.834898681943239
9137400,6.0110034982094005
9137401,5.982180212241237
9137402,5.976855184557254
9137478,5.820677225089525
9137480,5.8239186411333295
9137518,6.000639436077928
9137527,5.841627200073277
9137570,5.978402153573244
9137574,5.8215692830328685
9137615,6.0006314289303955
9137622,5.841627200073277
9137664,5.81597852305864
9137708,5.9524847709326085
9137715,5.833142754387285
9137753,5.995106449603196
9137754,5.99143905606665
9137757,5.785333423290424
9137805,5.995106449603196
9137808,5.821654270622724
9137818,5.85676156136199
9137847,5.995106449603196
9137850,5.808728033260765
9137851,5.997434384073951
9137898,5.958828064861558
9137899,5.945901827499599
9137900,5.857538437389921
9137902,5.838302891551128
9137951,5.987667211342275
9137952,5.945901827499599
9137958,5.781325011193177
9138000,6.00547051173467
9138002,5.985105036111789
9138010,5.836774408728097
9138011,5.86414699408721
9138012,5.843835324000031
9138040,5.997434384073951
9138043,5.836774408728097
9138087,5.99254427437271
9138089,5.998031273473748
9138090,5.985105036111789
9138091,5.95753477551368
9138146,5.841148719591254
9138147,5.846008378982622
9138148,5.8320974810720285
9138198,5.833563744102203
9138237,5.985105036111789
9138238,5.951981233635935
9138244,5.819171243710069
9138280,5.995106449603196
9138281,5.982180212241237
9138285,5.958828064861558
9138291,5.832986496854352
9138322,6.00547051173467
9138323,6.00547051173467
9138365,5.995106449603196
9138366,5.995106449603196
9138369,6.0006314289303955
9138420,5.995106449603196
9138421,6.0006314289303955
9138431,5.86414699408721
9138465,5.995106449603196
9138469,5.985105036111789
9138470,5.998031273473748
9138471,5.996329985672467
9138521,5.977341129436963
9138574,5.935537765368125
9138585,5.826372800271457
9138628,6.0006314289303955
9138629,5.988688075986189
9138630,5.987705191568437
9138631,5.988688075986189
9138636,5.989969403769464
9138725,5.995106449603196
9138729,5.977341129436963
9138740,5.823559410428126
9138841,5.986599973262376
9138842,5.986599973262376
9138844,5.977341129436963
9138893,5.995106449603196
9138948,5.977341129436963
9138994,5.995106449603196
9138998,5.977341129436963
9139100,6.0006314289303955
9139208,5.906108356594195
9139392,5.826121462788254
9140122,6.045698466869585
9140186,6.034973734473753
9140442,6.036560997324428
9140448,5.777477497517549
9141232,5.7876290168739075
9141575,5.7876290168739075
9142055,5.759065365165047
9142121,5.77044494953213
9142359,5.762210162820486
9142624,5.826952804149609
9142625,5.775803553849786
9142626,5.767562350021182
9142756,5.804800826229144
9142803,5.791874588867184
9142862,5.780488587383141
9143039,5.804800826229144
9143145,5.780488587383141
9143245,5.769602053298384
9143415,5.769602053298384
9143464,5.757807264231304
9143519,5.769602053298384
9143582,5.737687738462228
9143702,5.731073744382246
9143708,5.769641720761753
9143803,5.763616721052236
9143856,5.7865020074305304
9144183,5.7935867586842065
9144296,5.7935867586842065
9144361,5.7935867586842065
9144414,5.810772835560873
9144500,5.798293125352948
9144541,5.822162451268758
9144674,5.815538380801472
9144712,5.791707587568072
9144882,5.7759554645595275
9144886,5.803463121252245
9144938,5.817736485427361
9144939,5.757441462410886
9145225,5.801811112710831
9145279,5.76698532704853
9145408,5.805988205533018
9145469,5.76698532704853
9145542,5.76698532704853
9145665,5.891653186102114
9145783,5.8267491439389705
9145791,5.866478548647998
9145838,5.901722961962096
9145900,5.895949869307543
9146055,5.8842916472256315
9146060,5.876319377102022
9146256,5.80708544172052
9146314,5.818223068363831
9146418,5.789257579680668
9146584,5.769726526537418
9146789,5.768888346308231
9146880,5.7279027306297055
9146921,5.703778810712733
9146967,5.97137350806154
9146971,5.783705676061069
9147048,5.975040901598088
9147128,5.974274292078845
9147129,5.975040901598088
9147132,5.761303381291671
9147166,5.974274292078845
9147269,5.771514216092145
9147270,6.040392030465401
9147386,5.952633983132834
9147390,5.941080440195503
9147393,6.038812739652666
9147422,5.952633983132834
9147425,5.941080440195503
9147461,5.952693745089022
9147462,5.952633983132834
9147463,5.941080440195503
9147464,5.829476145276895
9147515,5.944271379474545
9147516,5.97137350806154
9147561,5.944271379474545
9147562,5.944271379474545
9147563,5.941080440195503
9147597,5.934508744299832
9147600,5.937943157295244
9147601,5.941080440195503
9147641,5.878839145053217
9147741,5.934508744299832
9147742,5.957427492440613
9147771,5.902846628069329
9147772,5.854614235683767
9147773,5.888097988878629
9147775,5.934468770944117
9147820,5.868968506178301
9147822,5.937665815800562
9147823,5.932889480131383
9147827,5.8483804210429104
9147851,5.868968506178301
9147852,5.934508744299832
9147887,5.868968506178301
9147888,5.936476517918022
9147949,5.86497829781524
9147950,5.88920320718469
9147984,5.878839145053217
9147985,5.86497829781524
9148016,5.9119775689580285
9148017,5.878839145053217
9148018,5.951444502326976
9148050,5.86497829781524
9148051,5.951444502326976
9148052,5.951444502326976
9148053,5.956977488801708
9148057,5.787676034863693
9148058,5.826127967046779
9148085,5.831677885538868
9148086,5.854614235683767
9148145,5.917224253307309
9148149,5.826127967046779
9148173,5.948722349881781
9148177,5.752221032325982
9148200,5.917224253307309
9148202,5.800602272225653
9148224,5.84950440627834
9148245,5.932809124381475
9148250,5.785344834801838
9148273,5.917224253307309
9148274,5.9287495242129005
9148275,5.916685842163071
9148276,5.948307219426718
9148277,5.951444502326976
9148281,5.850970669308515
9148292,5.917224253307309
9148293,5.930841350763284
9148294,5.9287495242129005
9148295,5.916685842163071
9148299,5.719373635188528
9148300,5.719373635188528
9148321,5.891895768873747
9148325,5.885562137076808
9148326,5.917224253307309
9148327,5.914275897360325
9148328,5.930717297831091
9148338,5.850970669308515
9148363,5.911339618186189
9148378,5.850970669308515
9148379,5.850970669308515
9148380,5.84950440627834
9148406,5.906204476303476
9148413,5.850970669308515
9148433,5.911339618186189
9148434,5.911339618186189
9148437,5.906204476303476
9148438,5.8651616387337295
9148445,5.835801290912437
9148449,5.717042435126673
9148450,5.715463144313939
9148466,5.8419207141681655
9148467,5.850129702253765
9148468,5.861210947907918
9148469,5.912187794636512
9148480,5.72389612513807
9148498,5.899786075248858
9148500,5.927588315438783
9148501,5.933078017364224
9148534,5.887316794024533
9148537,5.912187794636512
9148538,5.933078017364224
9148567,5.94739009257205
9148568,5.921936456286406
9148569,5.92961207952503
9148588,5.922844341691321
9148589,5.94739009257205
9148591,5.927036031726922
9148592,5.921936456286406
9148593,5.927588315438783
9148594,5.947117921544177
9148599,5.966665112974844
9148613,5.899786075248858
9148614,5.923415444884944
9148616,5.927644305906839
9148617,5.942064244380317
9148618,5.935174568599971
9148643,5.933465239085818
9148644,5.891695157140141
9148645,5.891695157140141
9148647,5.8761216508857075
9148648,5.927588315438783
9148649,5.947117921544177
9148675,5.937920973059637
9148677,5.930717297831091
9148678,5.943643535193051
9148679,5.943643535193051
9148680,5.936753859412705
9148681,5.936753859412705
9148682,5.934275763758698
9148683,5.934275763758698
9148687,5.925422795537119
9148688,5.939454251205139
9148709,5.937920973059637
9148710,5.936283510732602
9148711,5.891695157140141
9148713,5.947117921544177
9148714,5.936753859412705
9148715,5.946727928613984
9148716,5.934275763758698
9148721,5.999952192008752
9148745,5.961910961892288
9148746,5.921777982557909
9148747,5.891695157140141
9148750,5.831836128243408
9148751,5.900630622408803
9148752,5.920151780002265
9148753,5.943643535193051
9148754,5.936753859412705
9148755,5.934275763758698
9148759,5.95273129909879
9148760,5.939454251205139
9148761,6.001655778490428
9148774,5.948969383384784
9148775,5.937920973059637
9148776,5.9046213945021
9148778,5.866862807060295
9148779,5.847771340289793
9148780,5.900630622408803
9148782,5.916685842163071
9148787,5.939454251205139
9148804,5.934704219919868
9148808,5.917216164827192
9148810,5.9330864658761575
9148817,5.938503240720609
9148840,5.93995090426915
9148841,5.921777982557909
9148842,5.891695157140141
9148845,5.913273469041651
9148846,5.884844953554128
9148849,5.934191684182219
9148887,5.936283510732602
9148888,5.93995090426915
9148889,5.93995090426915
9148891,5.850745102735344
9148892,5.8976822664618185
9148895,5.936753859412705
9148896,5.947117921544177
9148901,5.92652801384318
9148929,5.93995090426915
9148930,5.93995090426915
9148939,5.9334378205090985
9148960,5.936283510732602
9148961,5.844594213049457
9148963,5.863195413523747
9148964,5.913556859770762
9148988,5.9394744500116445
9148989,5.936283510732602
9148990,5.880613911485988
9148991,5.874603673333039
9149001,5.938503240720609
9149029,5.936283510732602
9149030,5.852114167869594
9149031,5.823561022336698
9149043,5.947140144454596
9149072,5.844594213049457
9149073,5.854412496271892
9149074,5.940152514972092
9149085,5.938503240720609
9149117,5.947837053669934
9149119,5.9191920269255
9149120,5.903317433616557
9149121,5.88189474354026
9149122,5.932809124381475
9149128,6.054963813500498
9149151,5.936283510732602
9149152,5.936283510732602
9149153,5.915524633388953
9149154,5.903317433616557
9149155,5.895157030847694
9149156,5.861210947907918
9149157,5.932809124381475
9149158,5.932809124381475
9149164,5.947140144454596
9149165,5.938503240720609
9149166,5.817145633708024
9149184,5.913540167773123
9149185,5.88187805154262
9149186,5.88762637978914
9149187,5.836268855015788
9149188,5.929194051228322
9149224,5.918999019740079
9149225,5.865493741926044
9149226,5.919882887019516
9149227,5.927024666907189
9149261,5.936283510732602
9149262,5.88762637978914
9149263,5.88762637978914
9149264,5.865493741926044
9149265,5.861210947907918
9149274,5.934213907092636
9149275,5.976640513599485
9149301,5.9394744500116445
9149302,5.915524633388953
9149303,5.825904792884315
9149304,5.850129702253765
9149305,5.9288902598453745
9149342,5.850129702253765
9149347,5.9334378205090985
9149348,5.748297269464832
9149407,5.923357273370644
9149432,5.868829032270277
9149433,5.863055939615724
9149434,5.9061364675812476
9149467,5.9061364675812476
9149497,5.915855188173058
9149498,5.929556089056974
9149542,5.905799301500379
9149551,5.833877985121682
9149587,5.905799301500379
9149588,5.884501247401351
9149615,5.912187794636512
9149616,5.902131907963832
9149621,5.785479363429053
9149645,5.912187794636512
9149646,5.874137185269877
9149655,5.821275653438587
9149682,5.912187794636512
9149690,5.821275653438587
9149711,5.932809124381475
9149712,5.915524633388953
9149713,5.857543554371371
9149714,5.95112766141614
9149754,5.931229833568741
9149756,5.932809124381475
9149757,5.9235502805560625
9149763,5.761666591982337
9149785,5.9119775689580285
9149786,5.899261557274553
9149787,5.88189474354026
9149813,5.9119775689580285
9149848,5.904686498750808
9149849,5.846462308717217
9149850,5.81989362880015
9149851,5.833925084468172
9149858,5.9486060330250154
9149859,5.9486060330250154
9149880,5.880806918671408
9149881,5.81989362880015
9149882,5.807171204704705
9149908,5.833925084468172
9149916,5.938876840519502
9149947,5.938876840519502
9149969,5.854614235683767
9149970,5.867198424732955
9149976,5.938876840519502
9149977,5.73334562695285
9150017,5.919882887019516
9150024,5.938876840519502
9150053,5.833662351154697
9150054,5.88189474354026
9150055,5.88189474354026
9150060,5.938876840519502
9150084,5.860493764385238
9150095,5.964368644979061
9150096,5.773726021763897
9150101,5.855950530987894
9150140,5.951442407617102
9150141,5.960474344230686
9150146,5.866736377120625
9150168,5.913556859770762
9150169,5.919046561696204
9150170,5.923073826298558
9150177,5.941078345485629
9150178,5.951442407617102
9150179,5.960474344230686
9150202,5.822237399347768
9150203,5.886380039307529
9150204,5.941816497207334
9150243,5.941078345485629
9150244,5.937410951949081
9150246,5.885538472009614
9150273,5.936000063660518
9150278,5.941078345485629
9150302,5.923357273370644
9150303,5.937410951949081
9150304,5.945669314962549
9150330,5.913556859770762
9150331,5.919046561696204
9150338,5.954004582847587
9150339,5.944564096656488
9150341,5.871478069510513
9150396,5.825666721454703
9150397,5.8651616387337295
9150398,5.8762428843878824
9150405,5.950337189311041
9150424,5.913556859770762
9150457,5.913556859770762
9150458,5.936000063660518
9150473,5.837717798457988
9150474,5.837717798457988
9150503,5.935509066097589
9150504,5.851971342764807
9150505,5.837717798457988
9150520,5.913556859770762
9150521,5.899261557274553
9150522,5.90429801594535
9150523,5.90429801594535
9150524,5.915524633388953
9150564,5.853674929246481
9150598,5.835442196716576
9150613,5.828010492002321
9150637,5.852235401371771
9150641,5.836789323529732
9150667,5.945669314962549
9150685,5.89706686598024
9150715,5.932946890867103
9150718,5.79923158173879
9150737,5.89706686598024
9150749,5.775775364854561
9150775,5.951442407617102
9150778,5.806384726446196
9150779,5.733915797701729
9150801,5.825666721454703
9150827,5.932809124381475
9150862,5.937410951949081
9150864,5.827200992887971
9150894,5.836789323529732
9150895,5.835323060499558
9150916,5.937410951949081
9150917,5.935305252831076
9150918,5.931637859294528
9150919,5.935305252831076
9150975,5.931637859294528
9150998,5.950337189311041
9151014,5.899051331596069
9151015,5.924205274593437
9151028,5.944564096656488
9151051,5.9096997464187435
9151053,5.936000063660518
9151061,5.937410951949081
9151062,5.932167969930817
9151064,5.827200992887971
9151070,5.899051331596069
9151087,5.935305252831076
9151088,5.932167969930817
9151114,5.9435149164800425
9151150,5.934273669048824
9151151,5.9435149164800425
9151227,5.806384726446196
9151261,5.943904909410236
9151263,5.806384726446196
9151309,5.932167969930817
9151310,5.943904909410236
9151311,5.943904909410236
9151348,5.943904909410236
9151349,5.929399381235543
9151350,5.806384726446196
9151433,5.929399381235543
9151435,5.794424748471211
9151454,5.929399381235543
9151457,5.791379194628302
9151499,5.806384726446196
9151500,5.792958485441036
9151681,5.896397867328969
9151752,5.794424748471211
9151829,5.913990391609746
9151909,5.955321772737049
9151910,5.91434849229774
9151911,5.808741935866411
9151947,5.943809103562115
9152042,5.923659656506546
9152043,5.943809103562115
9152076,5.946010608528242
9152078,5.799878322463408
9152079,5.775298933156121
9152115,5.946010608528242
9152116,5.9423955353750895
9152141,5.946010608528242
9152142,5.955321772737049
9152145,5.799878322463408
9152168,5.933084371166283
9152170,5.799878322463408
9152203,5.946010608528242
9152222,5.946010608528242
9152223,5.953120267770922
9152226,5.882185906623961
9152252,5.933084371166283
9152253,5.953120267770922
9152255,5.936785945204255
9152256,5.7874843384089445
9152295,5.953120267770922
9152296,5.9196293571484455
9152318,5.924876202402301
9152345,5.92406352110881
9152378,5.8084592701668685
9152431,5.912146987331613
9152478,5.942614464789042
9152488,5.947476497098662
9152489,5.926421883072782
9152534,5.943809103562115
9152535,5.893214086171799
9152561,5.887231096058162
9152613,5.932065653745042
9152614,5.887231096058162
9152635,5.918893212288665
9152636,5.8162852721679315
9152660,5.931428366208093
9152661,5.918862747629204
9152662,5.918893212288665
9152663,5.918893212288665
9152694,5.931428366208093
9152695,5.918862747629204
9152696,5.918893212288665
9152729,5.933007657020826
9152759,5.933007657020826
9152760,5.936493408191686
9152761,5.917584180716091
9152762,5.918893212288665
9152799,5.933007657020826
9152820,5.93172207278982
9152830,5.918893212288665
9152848,5.933774266540069
9152850,5.944541873746069
9152851,5.890016085581788
9152883,5.942266500846239
9152884,5.934177811614597
9152886,5.918893212288665
9152887,5.918893212288665
9152888,5.890016085581788
9152924,5.927099158191411
9152925,5.8770898482198275
9153047,5.928893483938915
9153088,5.915295996256855
9153151,5.901679228204225
9153182,5.928222233618814
9153206,5.928222233618814
9153269,5.921251574252636
9153294,5.748843628119756
9153324,5.8850919808560604
9153384,5.921251574252636
9153414,5.921251574252636
9153415,5.8850919808560604
9153438,5.9583521965222
9153446,5.905806997711996
9153447,5.8770898482198275
9153473,5.799316303439418
9153521,5.9583521965222
9153579,5.8723695567606145
9153580,5.911516648089234
9153737,5.922658209167052
9153775,5.8723695567606145
9153776,5.8723695567606145
9153777,5.868895170409487
9153778,5.943908840736546
9153846,5.911450768384256
9153882,5.894434062575063
9153883,5.894434062575063
9153918,5.934177811614597
9153978,5.947732813025112
9154013,5.934177811614597
9154038,5.945731354551929
9154114,5.884982211564232
9154115,5.900359287455944
9154195,5.933253098711146
9154257,5.933253098711146
9154319,5.933253098711146
9154354,5.896718968120332
9154479,5.891998676661118
9154549,5.89338671223129
9154613,5.871997941691292
9154636,5.920166884134478
9154682,5.91853078294911
9154740,5.91853078294911
9154765,5.91853078294911
9154814,5.91853078294911
9154878,5.924063769423841
9154879,5.9128789237967325
9154880,5.917944344008243
9154908,5.9128789237967325
9154994,5.875200982123588
9155023,5.937871884666642
9155124,5.926807120584686
9155152,5.969484836012067
9155153,5.949914624476136
9155182,5.969484836012067
9155210,5.967905545199334
9155232,5.984192159214917
9155259,5.984192159214917
9155285,5.909402685916886
9155779,5.770959710273714
9155879,5.773101148587454
9155988,5.938410127931313
9156351,5.787301404570413
9156506,5.748763948689361
9156742,5.752393163258781
9156793,5.74627549050336
9156794,5.756255459835708
9156874,5.760885846928109
9156878,5.776067866163183
9156890,5.776067866163183
9156897,5.729888281590914
9157085,5.757718740766282
9157119,5.762232973741266
9157121,5.746023702254362
9157137,5.753991769912662
9157147,5.7193690074776855
9157158,5.750879574986292
9157192,5.815534992362521
9157200,5.933234492686999
9157205,5.95169371652369
9157229,5.953159979553864
9157230,5.95169371652369
9157231,5.717007476067494
9157238,5.954052049612432
9157239,5.717007476067494
9157263,5.71994005974383
9157270,5.785412445150538
9157306,5.7867180309715325
9157350,5.7867180309715325
9157351,5.771536011736458
9157366,5.7867180309715325
9157393,5.770069748706284
9157411,5.801731077784622
9157417,5.786549058549548
9157448,5.689506388050168
9157720,5.7326038230197645
9158540,5.76786929361432
9158604,5.697704544136776
9158608,5.647876556395977
9158653,5.710222301230938
9158654,5.712553501292793
9159078,5.722485538718368
9159450,5.758233167768829
9159456,5.764006260423382
9160012,5.680453584190773
9160022,5.680453584190773
9160034,5.681919847220948
9160860,5.719869176353887
9160871,5.718402913323713
9161586,5.697121686324319
9161644,5.690267996312923
9161868,5.696951320575912
9162572,5.680453584190773
9162774,5.656472663863551
9163562,5.668173860052044
9163612,5.674157681938417
9163681,5.674157681938417
9163833,5.677955145030448
9172927,5.702822819546161
9172931,5.702822819546161
9173232,5.725512795092818
9173257,5.709042664129377
9173377,5.720502638461161
9173710,5.903461153576541
9173718,5.9217754032626875
9173757,5.871404596295477
9173766,5.912163250380336
9173771,5.887436780703261
9173772,5.92252731251181
9173777,5.902640920645096
9173778,5.8580272005704
9173779,5.8537444065522735
9173786,5.942422297464028
9173791,5.8537444065522735
9173802,5.823410630382375
9173950,5.702359302247789
9173951,5.713323099732555
9174251,5.6603992235622576
9174256,5.715439526555248
9174269,5.670689708421639
9174275,5.670689708421639
9174281,5.748712526952553
9174400,5.919557181966507
9174750,5.994549174264681
9174781,5.668192493054625
9174816,5.9827804469811126
9174847,5.971057354171127
9174859,5.943590788087267
9174872,5.6691104176089055
9174962,5.917870007288703
9175028,5.919449298101437
9175082,5.722438763183578
9175088,5.722438763183578
9175251,5.986526771966624
9175360,5.927073826517963
9175368,5.986526771966624
9175369,5.928286914759223
9175378,5.927793298351628
9175381,5.911287339649107
9175398,5.929655979893474
9175413,5.893339213609939
9175422,5.9241789540007055
9175423,5.901559506554765
9175424,5.902513143002618
9175437,5.893339213609939
9175452,5.90063181924425
9175475,5.886178085385214
9175480,5.938144390883572
9175496,5.891354747994109
9175613,5.7079538355604145
9175645,5.934211963830467
9175646,5.8999203083385625
9175751,5.938144390883572
9175788,5.938144390883572
9175807,5.941335330162614
9175822,5.921393498015357
9175857,5.868002392732562
9175868,5.948881704296972
9175904,5.949986922603033
9175924,5.926910531785364
9175945,5.693700509507724
9176026,5.934376176122279
9176047,5.934376176122279
9176085,5.767731308129496
9176105,5.767731308129496
9176226,5.944318070593303
9176300,5.944318070593303
9176361,5.861436541891853
9176362,5.826916578836537
9176388,5.960816493017437
9176445,5.933858799987457
9176446,5.94569076501793
9176468,5.946795983323991
9176487,5.933858799987457
9176488,5.94569076501793
9176506,5.9592372022047035
9176507,5.94569076501793
9176548,5.946785037349416
9176572,5.94569076501793
9176573,5.915356988848031
9176594,5.947890255655477
9176610,5.947890255655477
9176631,5.903525023817558
9176632,5.89134950583192
9176660,5.947890255655477
9176661,5.903525023817558
9176677,5.947890255655477
9176704,5.960816493017437
9176705,5.906475233831427
9176720,5.960816493017437
9176735,5.969027281632918
9176737,5.960816493017437
9176738,5.865972252461974
9176755,5.964736291015916
9176756,5.902372679817062
9176757,5.89129143416291
9176779,5.959664149016941
9176780,5.902372679817062
9176820,5.959664149016941
9176856,5.931127165174227
9176857,5.8901971618314235
9176898,5.9467379116549814
9176899,5.9616319226351315
9176900,5.931127165174227
9176917,5.931127165174227
9176937,5.9467379116549814
9176938,5.9080078469718
9176958,5.9467379116549814
9176959,5.959664149016941
9176969,5.959664149016941
9176986,5.959664149016941
9176987,5.9471263944604384
9177004,5.94563269334892
9177019,5.959664149016941
9177020,5.959664149016941
9177021,5.9471263944604384
9177044,5.94563269334892
9177045,5.902372679817062
9177071,5.959664149016941
9177072,5.916404135485083
9177073,5.904340453435253
9177075,5.711817232464563
9177086,5.959664149016941
9177106,5.9080078469718
9177110,5.935191605739974
9177127,5.915298917179022
9177145,5.902372679817062
9177146,5.937729678825507
9177169,5.937729678825507
9177187,5.916404135485083
9177203,5.945158620842247
9177228,5.945158620842247
9177249,5.9467379116549814
9177271,5.945158620842247
9177294,5.932287518856189
9177312,5.932287518856189
9177313,5.913531025371512
9177327,5.948760820649073
9177328,5.9501257132732
9177348,5.921893629029801
9177392,5.933866809668923
9177393,5.903533033499024
9177406,5.933652411480316
9177420,5.9105330932778894
9177430,5.907337997024522
9177497,5.902449779717359
9178666,5.6377017601127015
9178844,5.704231516603954
9178845,5.706433021570081
9178865,5.706433021570081
9178906,5.716160977650465
9178924,5.719879230043882
9178966,5.716160977650465
9179158,5.703234740288505
9179401,5.937328369240606
9179606,5.87572976940844
9179680,5.877309060221174
9179681,5.8889420082352535
9179698,5.920553715161619
9179699,5.87572976940844
9179749,5.739048091810543
9179762,5.920553715161619
9179779,5.708714315640644
9179794,5.926205574313996
9179807,5.933652411480316
9179835,5.93746836889399
9179836,5.924626283501262
9179870,5.935291093861834
9179871,5.935291093861834
9179897,5.947683867148336
9179915,5.918312625207784
9179932,5.905860460352497
9179967,5.671630783774217
9179978,5.686445364585973
9179994,5.904281169539763
9179995,5.858672345873893
9179996,5.868468329821736
9180009,5.889558139850619
9180010,5.860640119492085
9180027,5.860640119492085
9180028,5.884520079548249
9180044,5.860640119492085
9180045,5.884520079548249
9180090,5.8806393793840535
9180091,5.8748662867295005
9180092,5.903620772086665
9180106,5.908674449250526
9180122,5.908674449250526
9180142,5.889558139850619
9180154,5.893063702769772
9180184,5.705912832614818
9180185,5.705912832614818
9180195,5.714985538083226
9180217,5.8648422975318715
9180465,5.75512319621951
9180497,5.703877155836235
9180498,5.703877155836235
9180514,5.70790415948517
9180524,5.70790415948517
9180580,5.75029695030222
9180607,5.782841814642683
9180684,5.778074049513235
9180693,5.778074049513235
9180739,5.839664840739036
9180808,5.847189996177477
9180951,5.819222801003085
9180952,5.769199515238406
9180967,5.789895031876713
9181116,5.727524864347237
9181186,5.7419206374677305
9181192,5.7052844130946765
9181193,5.7289911273774115
9181216,5.697665632782612
9181217,5.7289911273774115
9181229,5.706750676124851
9181230,5.697665632782612
9181245,5.706750676124851
9181246,5.6979561853202005
9181291,5.79049105273371
9181297,5.79049105273371
9181298,5.705328504261946
9181397,5.764689402682658
9181417,5.75595802352238
9181429,5.789326277142466
9181449,5.9179461205420365
9181504,5.921396119190275
9181536,5.9423293032584015
9181567,5.943698368392653
9181568,5.938046509240276
9181577,5.945277659205387
9181595,5.9149438830354875
9181607,5.949188070318094
9181608,5.92882605328356
9181621,5.901778894785135
9182190,5.736399509928656
9182191,5.711255783860035
9182198,5.736399509928656
9182199,5.748359487903643
9182208,5.736399509928656
9182281,5.692593071791873
9182595,5.738197503480307
9182828,5.709897553429774
9182899,5.714030245246393
9182906,5.762830008191306
9182946,5.725768552164016
9183021,5.745803771350455
9183036,5.763239042084158
9183268,5.75432573644076
9183315,5.741943776577286
9183637,5.842120887052033
9183681,5.779749300080804
9183708,5.713733407668287
9183722,5.713733407668287
9183885,5.714763407313966
9183909,5.725914155198045
9184396,5.700385840982714
9184397,5.688425863007728
9184533,5.7029409770498205
9184540,5.7029409770498205
9184724,5.655388171625301
9184733,5.655388171625301
9184734,5.655388171625301
9184757,5.674039042708779
9184796,5.703609522325392
9184843,5.659371913284818
9184855,5.696181042552556
9184865,5.696181042552556
9184967,5.688243729809132
9185038,5.730816491442778
9185050,5.737101812196052
9185074,5.737101812196052
9185143,5.719088310389969
9186550,5.736958827920849
9189730,5.731877107797463
9192884,5.679320792783267
9192887,5.6807870558134415
9193765,5.6909729792977775
9195586,5.663367655935916
9195587,5.6741529773571555
9195711,5.732387068250986
9195749,5.6787245696523225
9196777,5.873863321728079
9198625,5.63538258192102
9225936,5.685415608291608
9248537,5.756190187924482
9248550,5.753496762768399
9248731,5.798723295368252
9248755,5.914363911351987
9248795,5.913927733429198
9248805,5.8733822254216514
9248806,5.914363911351987
9248816,5.850346194254231
9248828,5.8733822254216514
9248837,5.878597648183548
9248851,5.884463471075804
9248868,5.916258933491053
9248934,5.974794211490538
9248945,5.987720448852498
9248960,5.91160187742026
9248961,5.974794211490538
9248986,5.945982121003117
9249016,5.915927266168908
9249017,5.945982121003117
9249018,5.945982121003117
9249027,5.95082616255038
9249033,5.955265176173432
9249049,5.930432794343602
9249050,5.954560661320757
9249051,5.954560661320757
9249057,5.936205886998155
9249058,5.954560661320757
9249059,5.96375239991234
9249060,5.96375239991234
9249114,5.93458653212453
9249124,5.93458653212453
9249142,5.955299355431073
9249192,5.9332194244578345
9249204,5.952039805904109
9249407,5.854564704437324
9249411,5.914415066458814
9249457,5.714192666158409
9249467,5.706843759434679
9249561,5.9116233026656095
9249714,5.895715736442302
9249849,5.893964940198091
9249915,5.870880131966919
9249936,5.92668307739828
9250040,5.927310044994548
9250090,5.852149925695025
9250103,5.996585665020516
9250130,5.996172203185681
9250142,6.004210229528763
9250151,5.981910224752691
9250182,5.946501944282963
9250205,5.964819591485002
9250530,5.790134488236336
9250751,5.976371077138837
9250752,5.974756127456358
9250753,5.930413156356781
9250770,5.906106886035939
9250822,5.9847753180038925
9250823,5.9847753180038925
9250831,5.9847753180038925
9250874,5.804367675152526
9250880,5.831195698144741
9250886,5.835089998893117
9250893,5.9577233517388075
9250894,5.7794018445809
9250895,5.777935581550725
9250900,5.799931009386258
9250905,5.811415510375042
9250911,5.799931009386258
9250912,5.787815202160972
9250913,5.787815202160972
9250920,5.7802217807509795
9250932,5.801302803132808
9250933,5.962557220770746
9250934,5.962557220770746
9250941,5.799672436826057
9250942,5.962557220770746
9250943,5.766302633536645
9250957,5.794182734900616
9251023,5.920638193095825
9251034,5.926126942432339
9251035,5.920638193095825
9251041,5.9132007050703805
9251061,5.7445625551624895
9251079,5.752039234298718
9251082,5.752039234298718
9251101,5.720435207540858
9251124,5.7306861241328155
